Workbook
Name Slicer_Department: #N/A
Name Slicer_Month: #N/A
Name Slicer_Location: #N/A
Name Slicer_Employee_Name: #N/A

Sheet Raw_Data
A1: Employee ID | B1: Employee Name | C1: Department | D1: Location | E1: Month | F1: Target Sales | G1: Actual Sales | H1: Achievement % | I1: Sales Variance | J1: Orders | K1: Performance Status | L1: Attendance % | M1: Attendance Status | N1: Customer Complaints | O1: Rating
A2: E001 | B2: Rohit Kumar | C2: Sales | D2: Chennai | E2: Jan-2025 | F2: 63476 | G2: 48953 | H2: =MIN(G2/F2,1) -> 0.77120486 | I2: =G2-F2 -> -14523 | J2: 20 | K2: =IF(G2>=F2,"Achieved","Not Achieved") -> Not Achieved | L2: 90.7 | M2: =IF(L2>90,"Good","Low") -> Good | N2: 4 | O2: 4.3
A3: E002 | B3: Priya S | C3: Marketing | D3: Chennai | E3: Jan-2025 | F3: 57135 | G3: 64586 | H3: =MIN(G3/F3,1) -> 1 | I3: =G3-F3 -> 7451 | J3: 32 | K3: =IF(G3>=F3,"Achieved","Not Achieved") -> Achieved | L3: 94.5 | M3: =IF(L3>90,"Good","Low") -> Good | N3: 4 | O3: 4.1
A4: E003 | B4: Anitha R | C4: Sales | D4: Bengaluru | E4: Jan-2025 | F4: 56811 | G4: 54110 | H4: =MIN(G4/F4,1) -> 0.95245639 | I4: =G4-F4 -> -2701 | J4: 29 | K4: =IF(G4>=F4,"Achieved","Not Achieved") -> Not Achieved | L4: 94.2 | M4: =IF(L4>90,"Good","Low") -> Good | N4: 2 | O4: 3.4
A5: E004 | B5: Vignesh P | C5: IT | D5: Bengaluru | E5: Jan-2025 | F5: 49873 | G5: 40966 | H5: =MIN(G5/F5,1) -> 0.82140637 | I5: =G5-F5 -> -8907 | J5: 13 | K5: =IF(G5>=F5,"Achieved","Not Achieved") -> Not Achieved | L5: 91.1 | M5: =IF(L5>90,"Good","Low") -> Good | N5: 5 | O5: 3.5
A6: E005 | B6: Deepa K | C6: HR | D6: Chennai | E6: Jan-2025 | F6: 43615 | G6: 45410 | H6: =MIN(G6/F6,1) -> 1 | I6: =G6-F6 -> 1795 | J6: 18 | K6: =IF(G6>=F6,"Achieved","Not Achieved") -> Achieved | L6: 91.1 | M6: =IF(L6>90,"Good","Low") -> Good | N6: 4 | O6: 4.8
A7: E006 | B7: Karthik V | C7: Finance | D7: Hyderabad | E7: Jan-2025 | F7: 48674 | G7: 37122 | H7: =MIN(G7/F7,1) -> 0.7626659 | I7: =G7-F7 -> -11552 | J7: 18 | K7: =IF(G7>=F7,"Achieved","Not Achieved") -> Not Achieved | L7: 91.9 | M7: =IF(L7>90,"Good","Low") -> Good | N7: 2 | O7: 4.4
A8: E007 | B8: Meena T | C8: Sales | D8: Chennai | E8: Jan-2025 | F8: 53711 | G8: 56701 | H8: =MIN(G8/F8,1) -> 1 | I8: =G8-F8 -> 2990 | J8: 19 | K8: =IF(G8>=F8,"Achieved","Not Achieved") -> Achieved | L8: 89.4 | M8: =IF(L8>90,"Good","Low") -> Low | N8: 4 | O8: 4
A9: E008 | B9: Suresh M | C9: Marketing | D9: Hyderabad | E9: Jan-2025 | F9: 49803 | G9: 54859 | H9: =MIN(G9/F9,1) -> 1 | I9: =G9-F9 -> 5056 | J9: 17 | K9: =IF(G9>=F9,"Achieved","Not Achieved") -> Achieved | L9: 97.7 | M9: =IF(L9>90,"Good","Low") -> Good | N9: 2 | O9: 4.3
A10: E009 | B10: Lavanya S | C10: IT | D10: Pune | E10: Jan-2025 | F10: 44139 | G10: 32710 | H10: =MIN(G10/F10,1) -> 0.74106799 | I10: =G10-F10 -> -11429 | J10: 14 | K10: =IF(G10>=F10,"Achieved","Not Achieved") -> Not Achieved | L10: 96.5 | M10: =IF(L10>90,"Good","Low") -> Good | N10: 7 | O10: 4
A11: E010 | B11: Ajay R | C11: Finance | D11: Chennai | E11: Jan-2025 | F11: 48654 | G11: 43538 | H11: =MIN(G11/F11,1) -> 0.89484934 | I11: =G11-F11 -> -5116 | J11: 15 | K11: =IF(G11>=F11,"Achieved","Not Achieved") -> Not Achieved | L11: 95 | M11: =IF(L11>90,"Good","Low") -> Good | N11: 2 | O11: 4.4
A12: E011 | B12: Ramesh K | C12: HR | D12: Pune | E12: Jan-2025 | F12: 44432 | G12: 45689 | H12: =MIN(G12/F12,1) -> 1 | I12: =G12-F12 -> 1257 | J12: 14 | K12: =IF(G12>=F12,"Achieved","Not Achieved") -> Achieved | L12: 95.1 | M12: =IF(L12>90,"Good","Low") -> Good | N12: 2 | O12: 3.9
A13: E012 | B13: Geetha P | C13: Sales | D13: Hyderabad | E13: Jan-2025 | F13: 64946 | G13: 54075 | H13: =MIN(G13/F13,1) -> 0.83261479 | I13: =G13-F13 -> -10871 | J13: 19 | K13: =IF(G13>=F13,"Achieved","Not Achieved") -> Not Achieved | L13: 92.2 | M13: =IF(L13>90,"Good","Low") -> Good | N13: 6 | O13: 4.1
... A181: E060 | B181: Revathi S | C181: IT | D181: Pune | E181: Mar-2025 | F181: 56176 | G181: 43423 | H181: =MIN(G181/F181,1) -> 0.77298134 | I181: =G181-F181 -> -12753 | J181: 22 | K181: =IF(G181>=F181,"Achieved","Not Achieved") -> Not Achieved | L181: 89.5 | M181: =IF(L181>90,"Good","Low") -> Low | N181: 7 | O181: 3.9

Sheet Data Analysis
A1: TOTAL TARGET SALES | B1: =SUM(Raw_Data!F2:F181) -> 9513819 | D1: DEPARTMENT | E1: TOTAL ACTUAL SALES
A2: TOTAL ACTUAL SALES | B2: =SUM(Raw_Data!G2:G181) -> 9097818 | D2: Finance | E2: =SUMIF(Raw_Data!C2:C181,D2,Raw_Data!G2:G181) -> 1639561
A3: AVERAGE ACTUAL SALES | B3: =AVERAGE(Raw_Data!G2:G181) -> 50543.433 | D3: HR | E3: =SUMIF(Raw_Data!C2:C181,D3,Raw_Data!G2:G181) -> 1493190
A4: AVERAGE ATTENDANCE % | B4: =AVERAGE(Raw_Data!L2:L181) -> 94.142222 | D4: IT | E4: =SUMIF(Raw_Data!C2:C181,D4,Raw_Data!G2:G181) -> 1685349
A5: AVERAGE RATING | B5: =AVERAGE(Raw_Data!O2:O181) -> 4.0777778 | D5: Sales | E5: =SUMIF(Raw_Data!C2:C181,D5,Raw_Data!G2:G181) -> 2531755
A6: TOTAL ORDERS | B6: =SUM(Raw_Data!J2:J181) -> 3633 | D6: Marketing | E6: =SUMIF(Raw_Data!C2:C181,D6,Raw_Data!G2:G181) -> 1747963
A7: TOTAL CUSTOMER COMPLAINTS | B7: =SUM(Raw_Data!N2:N181) -> 561
A8: HIGHEST ACTUAL SALES | B8: =MAX(Raw_Data!G2:G181) -> 74884 | D8: Employee Lookup
A9: LOWEST ACTUAL SALES | B9: =MIN(Raw_Data!G2:G181) -> 31420 | D9: Employee ID | E9: E029
A10: TOTAL EMPLOYEES | B10: =COUNTA(Raw_Data!A2:A181) -> 180 | D10: Empoyee Name | E10: =_xlfn.XLOOKUP(E9,Raw_Data!A2:A181,Raw_Data!B2:B181,"NOT FOUND") -> Rahul K
A11: ACHIEVED EMPLOYEES | B11: =COUNTIF(Raw_Data!K2:K181,"Achieved") -> 76 | D11: Department | E11: {=IFERROR(INDEX(Raw_Data!C2:C181,MATCH(E9,Raw_Data!A2:A181,0)),"NOT FOUND")} -> Marketing
A12: NOT ACHIEVED | B12: =COUNTIF(Raw_Data!K2:K181,"Not Achieved") -> 104 | D12: Actual Sales | E12: =_xlfn.XLOOKUP(E9,Raw_Data!A2:A181,Raw_Data!G2:G181,"NOT FOUND") -> 55610
A13: GOOD ATTENDANCE EMPLOYEES | B13: =COUNTIF(Raw_Data!M2:M181,"Good") -> 159 | D13: Rating | E13: {=IFERROR(INDEX(Raw_Data!O2:O181,MATCH(E9,Raw_Data!A2:A181,0)),"NOT FOUND")} -> 4.5
A14: LOW ATTENDANCE EMPLOYEES | B14: =COUNTIF(Raw_Data!M2:M181,"Low") -> 21 | D14: Sales Rank | E14: =RANK(E12,Raw_Data!G2:G181,0) -> 52
A15: AVERAGE ACHIEVEMENT % | B15: =AVERAGE(Raw_Data!H2:H181) -> 0.91779908
A16: AVERAGE SALES VARIANCE | B16: =AVERAGE(Raw_Data!I2:I181) -> -2311.1167

Sheet Pivot Tables
A1: Department wise Sales | D1: Department wise Performance | G1: Department wise Attendance | J1: Monthly Sales Trends
A3: Sum of Actual Sales | D3: Average of Achievement % | G3: Average of Attendance % | J3: Sum of Actual Sales
A4: Department | B4: Grand Total | D4: Department | E4: Grand Total | G4: Department | H4: Grand Total | J4: Month | K4: Grand Total
A5: Sales | B5: 2531755 | D5: Finance | E5: 0.90018847 | G5: Finance | H5: 93.966667 | J5: Jan-2025 | K5: 2963291
A6: Marketing | B6: 1747963 | D6: HR | E6: 0.90598221 | G6: HR | H6: 93.833333 | J6: Feb-2025 | K6: 3079847
A7: IT | B7: 1685349 | D7: IT | E7: 0.90685737 | G7: IT | H7: 94.505556 | J7: Mar-2025 | K7: 3054680
A8: Finance | B8: 1639561 | D8: Sales | E8: 0.9326484 | G8: Marketing | H8: 94.58 | J8: Grand Total | K8: 9097818
A9: HR | B9: 1493190 | D9: Marketing | E9: 0.93855589 | G9: Sales | H9: 93.853488
A10: Grand Total | B10: 9097818 | D10: Grand Total | E10: 0.91779908 | G10: Grand Total | H10: 94.142222
A12: Sum of Actual Sales
A13: Employee Name | B13: Grand Total | D13: Sum of Actual Sales
A14: Manoj K | B14: 173154 | D14: Location | E14: Grand Total
A15: Arun K | B15: 176263 | D15: Bengaluru | E15: 2181533
A16: Nithya S | B16: 177925 | D16: Chennai | E16: 2636839
A17: Meena T | B17: 179010 | D17: Hyderabad | E17: 2275725
A18: Rohit Kumar | B18: 179279 | D18: Pune | E18: 2003721
A19: Arun S | B19: 182732 | D19: Grand Total | E19: 9097818
A20: Geetha P | B20: 183407
A21: Nithya K | B21: 192163
A22: Nithya R | B22: 195009
A23: Vijay R | B23: 200233
A24: Grand Total | B24: 1839175

Sheet Dashboard
